customer_id,first_name,last_name,email,signup_date
13b48e0b-8cef-4cb7-a8c4-eb87d0513f87,Danielle,Johnson,john21@example.net,2025-02-23
b2ad570b-4f40-4522-88c9-6811794abc05,Patricia,Miller,fjohnson@example.org,2024-01-25
e5ea4ec1-5dde-4825-9e10-23297b52755b,William,Johnson,jennifermiles@example.com,2024-01-16
bb695588-9a04-4101-86db-7fb1203fba79,Shane,Ramirez,blakeerik@example.com,2024-04-18
f2d49b0f-56e9-4c19-bf1d-bf5b1f762c34,Joshua,Lewis,curtis61@example.com,2025-05-17
4aaa08c7-fb51-427b-ac9c-62c895327cf9,Maurice,Baker,blairamanda@example.com,2023-09-28
692a3a9a-2e32-4491-b198-9f17d93920eb,Andrea,Calderon,barbara10@example.net,2024-01-22
dbb8bab6-a969-44ff-abd8-0793e6bf74f6,Kendra,Galloway,michellejames@example.com,2024-12-03
d4e0219a-561d-4d08-828e-180f3934cc9f,Mary,Martin,jason41@example.net,2024-12-03
b4ec6b8d-e737-46cd-82df-5953dd8b7775,George,Daniel,stevennelson@example.net,2025-01-13
fae9f585-8ed9-44bd-8961-acc61867f7d5,Angela,Cohen,perezantonio@example.com,2024-06-04
40a80981-f587-44a1-80df-f7f0345d2e5e,Joseph,Clark,jason76@example.net,2024-07-19
5143c6f1-612f-4405-bd90-b33e732729a6,Douglas,Taylor,julie69@example.com,2024-05-05
c9194c07-2f0a-4484-b73a-70739758cb1b,Jeffrey,Bright,ddavis@example.org,2023-11-24
04ccbd38-57c5-4f22-82f3-24570f5f778a,Courtney,Conner,ycarlson@example.com,2024-11-02
e092ec57-7ffb-4192-bd06-764a21d4e477,Wendy,Rice,frazierdanny@example.net,2025-03-03
528e03cc-d0cb-4c2f-a1ae-34bc8d31ddbd,Joseph,Davidson,cartereric@example.org,2025-02-08
fadc1cb2-4b7b-4ede-9aa7-919b6d5e4fcb,Nancy,Baker,williamrodriguez@example.net,2024-03-16
d913f3a9-b4eb-46d0-870a-c65dc1b25c84,Meagan,Romero,ericfarmer@example.net,2025-03-24
bfa5a9db-0bf3-4a5b-8d23-15dce39e8f6a,Sandra,Sellers,tracy15@example.com,2024-01-30
8e101bf3-67a8-4147-8b72-91c2e711b14b,Brian,Humphrey,millertodd@example.org,2025-03-10
34092ec1-8908-47d5-8aae-2402e607a498,Amanda,Martinez,karroyo@example.com,2024-09-10
6c27bf76-52d8-4bf6-8fa7-f4dac77780d4,Monique,Henderson,sarahcampos@example.net,2024-01-01
c7c576b4-4221-42e5-abee-3492101594a2,Jennifer,Ross,samuel87@example.org,2024-02-06
16b0e2f2-17dd-4178-9566-1522b661cb67,Jeffrey,Morgan,briannasmith@example.net,2024-11-30
29d771f0-3b5d-432e-957b-98cd0621e401,Brian,Jones,heathchad@example.org,2024-03-01
d69e2759-49a6-43f5-ad04-8f225bf5eab1,Elizabeth,Lewis,jenniferkhan@example.net,2024-07-30
4e77053d-5f86-41bc-98a5-59f512166d97,John,Kennedy,glee@example.net,2024-06-27
a2bd5788-a837-4a23-bc5d-f27fce3d1a75,Michael,Jenkins,nuneztracey@example.org,2023-09-14
2c875e1b-a7b4-46b7-90de-59736e0888aa,Richard,Morgan,wrightjames@example.com,2023-11-14
f78d4fc5-fa97-41d4-a45c-bd6650331b16,Robert,Ramirez,nancyjones@example.net,2023-10-13
632e4f10-91bc-4e99-bbc7-955949705460,Brent,Kidd,novaksara@example.org,2023-12-05
c6d7bff0-d48d-4868-b534-f961b99de518,Richard,Olson,kbarrera@example.com,2023-07-30
74e29919-7601-4912-8ecf-f23177bd4b51,Tricia,Baker,smitchell@example.net,2025-03-28
0b37b383-1343-4541-ab0b-b66add57a498,Angela,Higgins,jamesrobinson@example.org,2024-10-20
ca478121-fb30-426a-ae25-44a67131bfb2,Jill,Brown,brian97@example.net,2025-07-12
0540a9ad-0d20-4df0-9ac2-7decc5cf2b6f,Melissa,Moore,yorkcasey@example.org,2025-01-03
add9ddd9-3540-42b6-945f-ffd1a6380e37,Michelle,Powell,bethwilliams@example.org,2024-06-18
a79245f0-c6f2-4e5f-81f1-6a6404c6f9d9,Diane,Cunningham,sarah35@example.org,2024-02-20
c233a30a-8653-4921-8261-091f553b3f12,Randy,Powers,stephen10@example.com,2024-11-22
1fa27d0d-9bfb-4f08-b427-92fcab990145,Yolanda,Ferrell,medinawilliam@example.org,2025-07-22
71b58155-0ac6-46fd-8220-87d372c257ee,Michael,Jones,mikemoore@example.net,2025-01-25
1853f49a-8538-441c-90b4-f08890a6aeb8,Kevin,Riggs,contrerasangela@example.net,2023-10-17
11466a4c-3b4a-4fb8-86f4-68f5466c4926,Sheila,Taylor,prestonjulia@example.org,2024-02-25
da0b8e6c-87a3-4cf3-af2e-39dc160f2494,Juan,Clark,james48@example.com,2024-02-09
52f38937-c3ac-4650-99b4-3b93e5a185d5,Rebecca,Mathis,waltersmaria@example.org,2023-07-31
715420cf-98c5-4374-accf-1714bb0bfad4,Matthew,Anderson,evan78@example.net,2024-06-25
0a880856-c6c7-4371-8d81-c6b0f273af67,Ann,Rodriguez,amydavenport@example.net,2024-09-30
7b89f86b-f2e4-4116-8cc4-35092e5e5ece,Earl,Anderson,michael05@example.org,2025-01-08
ea7fc4b1-a7e9-452f-a7d7-4b5cef4b829b,John,Garcia,vdickson@example.org,2025-07-17
ca027a52-356b-49df-8088-d16ea6b0426f,Sarah,Hancock,nicolejohnson@example.net,2025-07-16
1c9ed193-6d16-4077-aac3-ca38ea57651e,Martin,Galvan,josephcobb@example.org,2024-05-21
db8f56b6-c354-4c78-81a2-ead34a2302be,Monica,Garrison,jamessellers@example.com,2024-03-22
20d5bf5a-32b8-497f-a157-6cd6b8b86bcb,Lori,Savage,andrewlee@example.com,2024-03-01
5a5d26a7-cb8a-415f-9cb7-486dbccb2e55,Michelle,Rasmussen,michael86@example.net,2025-05-14
20d15722-187f-4e8a-b54c-94d2a1b10c25,Amanda,Crosby,wileyjose@example.net,2024-02-20
d0618e73-ccf4-488c-8bfb-c423b83fc92c,Benjamin,Carlson,jessica56@example.net,2024-08-29
c7d33bce-8934-4a97-9120-7973c330fc16,Darrell,Lam,jonathanfletcher@example.org,2024-09-04
8d24314e-43ee-4adc-8387-e291929c7986,Sara,Ryan,michaeljones@example.net,2025-07-13
9f44b541-2474-4569-86aa-8f3e5e8d3a52,Mark,Edwards,cortezkevin@example.com,2024-12-27
dc2f6ff3-4c5a-42be-99ec-00bf4c0b8f9c,Ricky,Powell,angela36@example.net,2025-07-28
d76778a8-2df0-46f8-a861-907d9254d3e1,Nicholas,Adkins,christinaturner@example.net,2025-05-06
034d96ab-37cb-4211-8c2d-d336208c4d0c,Aaron,Mitchell,mfloyd@example.net,2024-04-04
78755b41-2247-4f04-8fbf-ed7c19e1ec78,Steven,Ramos,williamleon@example.net,2023-12-07
cbd3c8ad-d5ce-4886-bb91-fc793bcf6f03,Donna,Campbell,clarence34@example.org,2025-04-15
db684cf6-8304-40eb-82e1-dc077e4b0c3b,James,Johnson,traceycarr@example.org,2024-07-16
8c32a655-1d0b-49cc-9e47-006401522354,Robert,Soto,jennifercruz@example.com,2024-02-03
e636e140-756e-423a-b466-8a0c30e06613,Dylan,Watts,osbornejeffery@example.net,2024-09-03
c14213a0-8100-45d8-b607-0836d5d77070,Steven,Grant,bryantlaurie@example.net,2024-09-13
e8ed9bef-7398-49f1-ac9e-edfb6c59d71f,Vanessa,Larson,usalazar@example.net,2024-06-24
4fe406fd-d99b-43a7-a00f-9cad96c7154e,Maria,Kelley,juliawells@example.com,2025-03-03
02f2b841-821e-4ea6-9280-725530962895,John,Walsh,rsims@example.com,2023-09-27
e56e0d6f-299a-4fee-9bab-e5b07125c1d5,Jennifer,Young,luis81@example.org,2023-11-23
2e769c68-b7aa-4c66-b7dc-c2dd137ede7d,Jesse,Benson,calebrussell@example.net,2024-07-24
38f4d539-a78c-4f74-9258-3c418f2f29e1,Robert,Clark,xprice@example.net,2025-01-19
453265ff-69ce-4def-b528-c54853252cc6,Andrew,Gilmore,wwoods@example.com,2025-03-05
bbadd023-a63d-4cd0-b71c-4dd544a48348,Peter,Snow,vmedina@example.net,2025-04-10
714a645c-c1ea-4766-830e-5fa7994d064e,Carrie,Walker,joshuatucker@example.com,2024-04-15
af0f42ef-2626-4ff4-a581-bc6f5604b5a4,Elizabeth,Yates,marycalhoun@example.net,2024-09-15
4b41451f-ff2e-45ee-8e90-41e0045c7446,Anthony,Long,millerroy@example.com,2023-12-17
ac1f86a3-b4b7-4cf2-922b-b267b279a40c,Brent,Gray,shawnrogers@example.com,2024-03-01
f11eda59-acaa-476f-9e22-844f923bd3c0,Karen,Decker,mary70@example.net,2024-09-19
b72ecba3-05c2-4090-9a67-c1e0007a5327,Brett,Crane,debraharrington@example.net,2023-08-29
a7d3431c-2a19-4022-a67f-06529876fe00,Karen,Herring,maryhowell@example.org,2023-11-04
6331ccbf-79d7-4506-ad9e-e13371faa2c4,Thomas,Wilson,stevenscott@example.com,2023-12-06
e2df7d99-82e7-4a40-88a5-0f7c4408534d,Catherine,Stuart,stricklandfrank@example.com,2023-10-20
a87c7d60-6d5f-462d-9d8d-924ea8807bcd,Beth,Hickman,tsanders@example.org,2023-09-26
d23cad26-f387-4bdf-b031-31beb3b3ea28,Brittany,Rivas,curtisbarton@example.net,2024-11-06
9c0ae00d-8317-49d9-9838-aef926d3684e,Linda,Hogan,reedross@example.com,2023-09-20
7950d9f9-e262-4c37-966e-85ef1dac389c,William,Peterson,gshort@example.com,2024-05-05
b83eff71-b877-4f39-9347-9dc8d8e6c485,Cynthia,Poole,ryangross@example.net,2024-02-23
cfa7ac64-73d5-4e14-8434-1f35c0ad0f96,Christina,Gillespie,umarshall@example.net,2024-02-22
810d3a6f-6e96-41fb-839f-2c754a007973,Marcus,Sanchez,ramirezshannon@example.com,2024-10-13
f088fde1-90fd-463d-9105-edb3bcd40189,Cheryl,Gray,snydermark@example.com,2024-01-09
b8e32f7d-e5e0-4fbc-8d18-1b0ab10537f6,Michael,Green,nicole48@example.org,2024-09-02
3720dd72-5a5c-4a70-972a-74243c75cd77,Stacy,Miller,wfreeman@example.org,2025-01-15
1b376b13-7a54-4459-b159-e8bc49e8fbbb,Thomas,Joseph,fmcguire@example.com,2024-01-17
e6349f2d-7c53-4cc9-a7f5-a465d2d9debc,Richard,Sanchez,thomas85@example.com,2025-02-27
07bd6449-0e73-415b-afbf-ed6c9a1fdfec,Andrea,Bell,qnelson@example.org,2023-10-30
df33fbb0-8b92-455a-bb78-6fa7dec58f0e,Jennifer,Stewart,jamesrodgers@example.com,2025-02-10
86c69535-6d5f-418b-8aa4-3f993d2a86de,Brittany,Wolf,tina34@example.org,2024-05-04
e471d630-b063-49e6-a178-8a3e834e91c5,Harry,Smith,joshuamccann@example.net,2024-03-11
acab7038-9161-41d2-a86a-2d15f3542777,Heidi,Martinez,agarcia@example.net,2024-03-05
0da6d732-30fd-400a-99e8-501ec4a7e28b,Taylor,Alexander,tammyking@example.com,2023-10-25
07cdb760-9181-4331-8ca6-ce3c4ab74845,Lynn,Morales,rayglenda@example.org,2023-11-21
d10b3a33-fcbe-4e07-b5c6-65cfba251f26,Lisa,Avery,mcknightdavid@example.com,2024-11-10
1f347ca7-6113-4fca-81c3-a0a3ee0b0a79,Caitlin,Montgomery,chayes@example.com,2025-05-27
8ee488db-7588-434b-a238-5666365bfecf,Brianna,Patterson,lynchjody@example.org,2024-11-25
8d71ddf9-7bfb-44b7-a04d-a8d06a2f5a80,Jason,Guerrero,johnarnold@example.org,2023-07-31
bdd58af3-8c63-454b-97c6-e7f82ad82e92,Ricky,Norris,ocarter@example.com,2025-01-28
46bec1c2-9cac-4997-a7bf-be6a14e12c08,Justin,Heath,mcdanielsandra@example.net,2024-10-29
6214d403-2465-4831-95db-efd7800ab21c,Donna,Peck,owilson@example.net,2023-11-21
6f97376d-31fb-4dfa-8c56-3bc7fd3ae41f,Rebekah,Serrano,brownlaura@example.net,2025-03-01
daae1ac4-425c-4947-82f8-8d9f3a079105,Madison,Morse,smartinez@example.com,2025-01-22
a77ea32c-6db5-43f3-95e2-c137ea157194,Richard,Nelson,mkim@example.org,2025-06-18
110f3642-265e-4409-af8c-224f7679c0bf,Ryan,Morris,anthony39@example.net,2023-08-14
ac5d812b-6def-4b82-bfc4-8467527c65ba,Yvonne,Chambers,barbara27@example.net,2024-12-16
449a2ecb-aa2c-49ad-a73a-12606e74759c,Scott,Ramirez,fwalters@example.org,2024-07-28
a780db02-66bf-4028-9007-b1e17f33ee13,Michael,Cook,hodgemark@example.net,2024-08-16
996aee09-5787-4400-aebc-e8f23aaca8c6,Keith,Landry,gibsonleonard@example.com,2023-10-27
9871c884-82d3-4cea-b547-d81fda4e37ec,Tara,Powell,sandovalamy@example.com,2023-09-09
f10a7897-cf8b-4e84-96bf-da3e9fbb4265,Jacob,Cox,wgarrett@example.org,2024-01-03
2bf647ae-c7d0-455b-8f86-ab4a93037cb8,Joseph,Anderson,samuel71@example.org,2024-11-29
57c633f6-9268-4b43-bf35-93bb1395f41f,Chelsea,Allen,lancesmith@example.com,2023-10-09
75991065-3bb7-4b09-a69e-813e4e52bd59,Jeffrey,Skinner,murraydavid@example.org,2024-08-19
3c067e2b-5b16-4b14-9d9a-a10d0c278bf4,Sarah,Carter,robert77@example.org,2024-07-17
79645087-3015-48a4-a77d-5353ef19b840,Andrea,Reyes,michellehill@example.com,2024-04-17
6010b3f0-e6c4-49e9-9742-aa4a198dba69,Sarah,Romero,campbellkenneth@example.net,2024-10-21
fab12427-b911-46f5-b230-d659a54c464e,Yolanda,Burns,seanwashington@example.com,2024-09-29
7fd0fc81-620b-453d-a150-4ee1b7a30257,Kathryn,Bennett,molly39@example.com,2024-01-26
90fa8f95-3506-43c3-83d3-27b654a42a2d,Melissa,Jenkins,julie66@example.net,2025-04-04
b99ac6ab-7d6b-4d9a-ba2a-f79cab21a9ee,Lori,Pollard,ihanna@example.net,2024-10-29
dcc1d2bd-f5fa-4c25-8ac4-8d01914217ff,Martin,Garcia,dgarcia@example.org,2025-02-09
157c9ace-558d-404f-ada5-3e2ed379542a,Douglas,Pitts,charlesharrington@example.com,2024-04-16
06b39ac7-c230-4449-b59d-b8c4adcbc187,Cindy,Sanders,christianmelissa@example.net,2024-05-19
3f972a1e-caad-402e-b6a5-6f355f9bf7aa,Stephanie,Sims,cbrennan@example.net,2023-09-20
fbfe3523-8bd2-4d7b-988f-f42126f67549,Jimmy,Cohen,wendy16@example.org,2025-03-10
8c45694a-3be2-4007-ae67-b5923a684897,Cynthia,Brennan,tjackson@example.org,2023-09-02
66cfbe07-54cb-4ed7-a1f6-cb53a167fe2b,Mark,Brown,nicholas23@example.net,2024-06-13
fe163844-b802-4122-bb0c-1f19514a6f73,Ashlee,Sparks,gregorylynch@example.com,2024-11-21
7a5e6c3e-2fe8-4d4f-80d4-5cd54099199a,Felicia,Jimenez,jesselittle@example.com,2024-02-12
98f63429-cc50-48e3-8aa7-dbac9a69197c,Elizabeth,Nolan,rsantana@example.net,2023-11-28
dba61ad6-d3b1-4132-ae10-e5e3946302d1,Charles,Landry,danielle64@example.com,2025-05-15
f456929d-8556-47dd-8369-993daf36dca3,Kevin,Kidd,yrodriguez@example.net,2024-05-02
b200ea93-21f2-4933-b2a1-ee4ab47ff8e5,Bailey,Haney,andrew64@example.org,2024-10-10
f7a075ab-3e5e-49bb-9ad9-7dd715747f63,Michelle,Osborne,lozanojulie@example.com,2025-03-22
515659c4-59eb-4c2c-a1ae-2a0e106ec651,Lauren,Lawson,jeffery39@example.com,2025-01-05
77953ce6-c999-4f6f-9800-9748c0d3d365,Karla,Saunders,courtneyberger@example.net,2023-08-28
f9827555-98f8-46c0-ba6a-c738da52defb,Kyle,Alexander,jessica14@example.com,2025-02-28
eaef2e05-d4b2-4b8d-a07b-ef55e4f84187,Robert,Gonzalez,alyssa42@example.com,2025-07-07
5360969e-2f4d-42c4-b610-3b0e06bfbfe9,Makayla,Olson,julie51@example.com,2023-09-25
561b126b-6718-4151-9d29-09f089a91bcd,Donald,Levy,zcoffey@example.net,2024-05-08
66e72db3-cf81-4e58-ae88-e4fb056d8a3a,Christopher,Foster,amanda75@example.net,2025-03-01
1ee6f716-7af2-4231-9ef2-b26dbc941954,Emily,Richards,daniel37@example.org,2024-11-21
1fac85fa-48b6-4ed6-b3c5-40929052ace0,Nicole,Hoffman,deborahreid@example.com,2025-07-04
14ad45e8-fda6-4dbc-84d9-731697b5507e,Jacqueline,Banks,taylorsophia@example.com,2024-08-14
d9449e0c-a631-44a0-b956-6ce601ba4533,Darren,Young,paulwatson@example.net,2025-01-19
be33e775-e44d-4f20-bee9-43b4603708f7,Sonya,Barnes,nicolepena@example.com,2024-11-18
3f421fcb-20df-4daf-aaf0-a1dfe0ffe023,Ricky,Lynn,vaughnjeff@example.com,2024-01-28
48307c10-14be-401f-a8aa-1a3814008d7b,Melissa,Garcia,amy50@example.com,2024-02-28
69e8b48d-8cdb-49a2-91ba-a5b62a2533d9,James,Martinez,ndavis@example.net,2024-12-06
56821290-278d-41ed-8770-24bf7370623e,Carla,Smith,john29@example.org,2023-09-20
97e75834-318b-4e2d-9ec9-bc7cf4efdbb2,Maria,Spencer,lisahall@example.org,2025-04-01
a5f634ed-163b-4f96-bee7-b056d477fa68,Rachel,Smith,vanessafernandez@example.org,2023-10-22
fc43b51c-f807-4124-8b9b-609278af93ac,Donna,Johnson,howardkristina@example.net,2024-04-05
4ad08e7d-be19-4f24-aa92-3c448a6321d1,Alfred,Baker,judyfox@example.net,2023-09-16
3a670ff3-d9f5-462f-b4f0-d57df019809e,Thomas,Strickland,hayesjeffrey@example.net,2023-08-31
6334c5ba-5eff-4fad-80cc-876d538e931d,Jessica,Kerr,stephen00@example.com,2025-05-17
689be573-2da1-4c46-b43e-795f2b35e2a2,Richard,Parks,cjoseph@example.org,2025-06-26
64dcc18f-a1fd-42cb-8dd2-58b96411f00b,Christopher,Franklin,martinezclaudia@example.net,2024-09-26
c2420dd0-de22-4b5b-adba-4f6950edc652,Jennifer,James,shawn96@example.org,2025-04-05
ef8d87f7-6337-46ff-96fd-e3ff6a2ed533,Jacqueline,Farrell,russellbeasley@example.com,2024-04-17
359d852b-8bea-47c9-af4e-2090d1df5d1e,Maria,Ross,edwardslarry@example.com,2024-05-14
febdafc7-1dc3-4b8f-bb6e-92e265e2fb7b,Stephanie,Mcdaniel,fjones@example.org,2024-06-28
9e62f18a-be9f-4c63-bbfe-756d0c635aae,Colin,Rodgers,angelawillis@example.net,2024-10-07
8acc39e4-c443-4983-8386-41838d402e11,Mark,Martinez,morgan60@example.com,2024-11-06
856e06a8-121f-43bd-843c-92a679fd88c6,Larry,Garcia,ericolson@example.org,2024-04-25
d331cac5-3baf-4186-8ef7-dcc36a7efae6,Megan,Richardson,audrey68@example.net,2024-11-16
fff0404c-c848-4257-bfca-18f73c910db1,Emily,Hawkins,anthony44@example.com,2024-04-26
fde01e82-d1b6-4973-8610-19f78ba2b1eb,Adam,Kane,vjones@example.net,2023-08-21
cdcc3f6a-bda5-4257-ac40-c2bf1261450c,Christopher,Moreno,vbarnes@example.org,2024-05-11
f45e1071-8dc0-47bc-8cfa-5f5786f47906,Larry,Nguyen,wareeric@example.net,2023-09-05
05f6a8e6-20c9-4249-8a4c-0ef07c147e70,Emily,Nelson,ctucker@example.com,2024-02-26
59556aa5-e5ac-4154-b51f-d234484ed9a0,Jason,Hunt,russell49@example.com,2024-09-10
23b541c0-9fcf-4beb-9dcc-fa26ce0bce19,Elizabeth,Williams,djoyce@example.org,2024-01-03
6b3d5c93-2e2a-453b-b755-35098244d0a5,Kevin,Clark,kathrynroberts@example.org,2023-08-04
2aec2266-60ff-40c2-a719-32ac6ae684a4,Tyler,Jordan,omarpadilla@example.net,2024-10-04
8a036457-1e05-42c3-ae01-03762498b93b,Martha,Drake,sandersjudy@example.com,2023-08-12
490efdf1-de7d-446e-ba5c-c6d3bd6f5040,Steve,Miller,barbara96@example.net,2024-12-07
65801a4e-8257-49a4-a168-e17f3a6e11dc,Robert,Wilson,burchgeorge@example.net,2024-07-20
e20dd744-5204-4855-b2fa-fdc187186c70,Marilyn,Gillespie,kimdaniel@example.com,2024-10-28
663b11f7-97a5-4bdc-9a7a-9f4c0bb52951,Richard,Miller,julie35@example.org,2023-09-26
0df6bd5c-b775-40db-a5a4-f8b89d7976ec,William,Wilson,rebeccabailey@example.net,2025-04-25
20593c30-d922-4e62-af1b-892f3b98ca4a,Debbie,Hernandez,thomasjames@example.net,2023-11-24
6aa37336-506f-4e90-a0f0-fd8739ff86b1,Kathleen,Rios,stephanieburton@example.com,2025-03-05
71c4f328-527a-447d-b724-d5f6d1b674d3,Anne,Riley,michelle52@example.com,2023-09-20
33fb0aae-b3c3-448b-a5b4-d9c06af8d186,Taylor,Welch,brittany58@example.org,2024-03-26
2ef8bd1e-41e2-4fa3-947d-181522acc4f4,Steven,Johnson,marie11@example.net,2024-11-01
3caa4d05-bcb0-4bc1-8b94-ff56f61f1cd7,William,Ford,colelisa@example.net,2023-12-22
16722284-1aa6-450e-a74c-ead1d8612480,Marc,Alvarez,susanhayes@example.com,2025-02-02
b97cc3db-2926-489a-a2f6-37f44c75889a,Christopher,Lucas,wrightsamuel@example.com,2024-09-08
303c71df-6fa6-45e6-93fb-5cfe420a5c24,Alexandra,Moore,samantha66@example.com,2025-01-06
d109f435-03b8-409a-b824-bcdc6de2be28,Carla,Mccormick,cameron18@example.net,2024-05-24
8182a265-84c4-4bca-8cca-fef59a788dc0,Justin,Cummings,mathewaguilar@example.org,2025-07-10
ac3dba7d-6c86-4312-a2d6-0e814e562728,Michael,Ponce,tanderson@example.org,2024-03-25
143b7b2b-01f6-423f-a4b5-e9287c682a03,Angelica,Schneider,lisa81@example.net,2024-12-30
d63bc967-0d02-4c4c-a2fc-098e109b8be3,Rodney,Cox,kyle35@example.com,2023-12-25
066f949d-398c-4733-b9b9-7a12f7fa8f0d,Jeremy,Taylor,phillipskristin@example.net,2025-03-18
bc0cd2c9-cd22-44e5-b0c0-0f88d9c2b3e5,Amber,Rodgers,stanleynancy@example.net,2023-11-07
fef975ac-e1ef-4ace-9f7f-8f6ae058eae5,Carla,Moore,mariewise@example.org,2025-02-08
0e97d6fa-c769-4d06-96cf-18b3d4bfb289,Samuel,Jenkins,tarabishop@example.net,2025-03-28
ddbab4a1-5c9e-4751-92ed-742794078dee,Shane,Ferguson,tammy73@example.com,2025-01-05
d5ca74f1-2281-4f44-a5ac-a520d8846937,Stacey,Joyce,xhammond@example.com,2024-08-22
d799455c-6f91-44cd-ad99-eeaede1d0d1b,Allison,Burch,laurietaylor@example.com,2023-09-07
f6a84a37-bff2-4e14-8fc3-71a9b3911b9e,Danielle,Sawyer,dawsonzachary@example.org,2024-03-06
05930803-5d2b-4e4e-99c1-13419a5d6b0b,Christopher,Martin,jwhitehead@example.com,2023-10-08
62944098-a136-442d-81dd-01ab9a4c38e8,Stacey,Walker,bwilkerson@example.com,2023-09-08
e8eb9620-007f-4578-8df1-457fd2ab9ad8,Randy,Brooks,xvang@example.org,2023-08-19
24a05501-ca62-4aed-85a6-5e2a65b98f47,Lucas,Garcia,lacey20@example.com,2025-07-10
85a14c57-e8b3-404a-9eb2-1b5d34c5d89f,Maria,Horton,katherineharrison@example.net,2023-08-02
e583c914-5520-4a4a-acc6-eb3360ae04eb,Rebecca,Smith,marydunn@example.net,2024-11-12
fc58d515-a3a6-4378-a981-a5498583e021,Allison,Rodriguez,john10@example.org,2024-06-19
6c2190ab-3d98-423b-97a3-fcac23c99956,Danielle,Dean,rodriguezrebecca@example.net,2024-09-17
d9970842-3ba8-4a29-8409-aaa5afefa1ba,Allen,Robertson,jennifercarter@example.org,2024-11-17
849239f9-39e8-4828-89ac-eb23a37fe333,Michael,Duncan,elizabethmiller@example.com,2023-09-19
7095a090-a9d2-4d71-b8e1-a5275c8816cc,Stephanie,Stephens,myerstheodore@example.net,2024-05-24
ed38292b-e8f6-42e2-a700-256bc64f4c44,Tina,King,kellycarlos@example.org,2025-02-17
d87de125-de72-4e34-a186-ea3bb6582ee0,Diane,Garcia,dennis58@example.com,2025-04-20
49d64514-e337-46a9-ab14-53a0f4eaabc6,Dawn,Greer,epollard@example.net,2023-12-17
d2856124-13d8-4f9d-9b1e-980f92332eee,Lisa,Brown,mjohnson@example.org,2025-04-03
22896277-32f2-49ec-b124-46f85a77bc8e,James,Williams,zachary87@example.com,2023-08-26
9893f991-df58-489a-9745-a3ed0758442d,Karen,Lee,michelle05@example.com,2023-11-02
65076355-d43f-4ec6-b974-fb711df6057f,Lauren,Kim,ypaul@example.com,2023-12-21
2933a9d8-a00b-4567-849f-aa76831d7916,Tyler,Jimenez,laurie61@example.com,2024-11-07
8a951b98-8b5d-4571-9619-caf2f6e762fd,Wanda,White,manuel15@example.net,2024-03-14
07e3e88e-4661-4eda-ac67-d22a19458773,Kirk,Morrison,cjackson@example.com,2024-07-10
97e919be-9e09-4868-9284-7e6f35af0e37,Bobby,Berg,christina64@example.net,2025-04-03
6d585d04-6ce3-4071-b670-1a74ddd033f7,Stacy,Jones,zcox@example.net,2025-01-06
ea51b855-8b35-4992-a894-7bf42e7b1773,Ernest,Johnson,ejohnson@example.org,2025-03-24
83e30198-5123-4722-a66d-60f02178b573,Deanna,Cox,jacobserika@example.com,2024-05-12
af88b126-2732-41a1-ae43-d0c73f133226,Scott,Jones,alyssasanders@example.net,2024-03-01
12e2d865-0401-4758-9713-9d05e545b3f4,John,Wilson,victorhughes@example.net,2023-10-28
f443df6d-4063-40a9-ba4d-7bb0d3fabd96,Jose,Green,nlewis@example.com,2025-01-18
77eb08cf-9cae-4472-bd66-22453829c9ef,Sabrina,Henry,taylorcharles@example.org,2025-06-26
ab65bf80-6714-4164-95f7-b099edda5c93,Jennifer,Osborn,elizabeth18@example.net,2024-03-10
f04a10aa-73de-466d-9fdb-f4a131dc3899,Patricia,York,laurahicks@example.org,2024-01-01
1be7a3b9-14df-4508-b58e-88256782034c,Laura,Young,jjohnson@example.net,2024-05-10
10501d62-5577-4e13-8684-6c76d2ab1fd0,Tanner,Bird,cherylmiller@example.com,2024-06-02
63ac713c-5136-480b-b8e4-0090fc88f12d,Yvonne,Higgins,khammond@example.org,2023-11-03
09b98084-fdc4-49f3-b145-4d23b601c7d8,Teresa,Day,howens@example.com,2023-11-05
840567fe-7db1-4204-b83e-9bd7ef921584,Natalie,Deleon,katrinaanderson@example.net,2025-07-05
27bcf27c-2ac6-4e84-9140-0aea4ed2b486,Miranda,Guerra,kevinmartin@example.net,2024-01-20
3c0137b8-b530-4c53-9ef0-37abaa43bad5,Michael,Everett,meghan43@example.net,2024-09-28
e91b932c-f91a-45af-a835-4617bfb3975b,Joshua,Weber,shawgary@example.net,2023-11-25
6734ac20-d461-4d6e-9901-3791a5ca15eb,George,Weber,megan90@example.org,2023-09-30
e106c995-a7f5-45ac-8db9-6d937efbad30,Brandon,May,debra96@example.net,2024-12-06
624ab44c-7954-4223-abda-5dc79aaa3d8b,Anthony,Small,dawn47@example.org,2025-04-14
d6f8bc8f-adae-483c-9da9-c3364f8afc44,Lindsay,Sullivan,djones@example.org,2024-07-04
d3dec6a7-5d04-4b04-a732-3fc3cd961148,Robert,Marshall,catherine55@example.net,2025-05-27
748a8521-c4b7-4cf6-89ed-2863271117b6,Michael,Ross,zachary15@example.org,2024-07-25
222eb010-1446-449b-a92b-6f505288505b,David,Cole,colinroberts@example.com,2025-05-30
ce45c339-79ac-4fe7-a934-2eebeca46116,Christina,Wright,lisapeck@example.net,2024-03-27
c49e9d65-dd96-441a-8337-7ec0ab111a75,James,Moore,tjimenez@example.com,2023-08-16
d55095a1-e280-4cd1-8c0e-55fc7d3e1dcd,Christopher,Long,nlevy@example.net,2024-04-28
cbf2ddb5-2b68-4965-983c-2f7711b124b9,Brandon,Campbell,amitchell@example.org,2024-06-27
70150985-c696-4621-a04e-7682237fd0b3,Dennis,Baker,kathryn50@example.com,2023-09-06
eb761bc0-9e69-498d-9305-60a18b58d06e,Ashley,Lee,charles87@example.net,2024-03-02
74fd197e-365f-4539-830b-6c6b67317e41,Marcia,Hanson,andersoncolin@example.com,2025-04-06
cca58e4a-6b09-43a0-8367-56c1868b7733,Valerie,Grant,kari39@example.net,2024-06-04
f76ba400-93fa-46a6-b91a-927cf0e05ef8,Vincent,Williams,jenniferbrock@example.net,2024-07-17
94894a24-f83c-4cb7-aaef-e1af44a3d369,Eduardo,Barry,markaustin@example.org,2024-05-29
d3c3db78-b388-4b4d-a293-774f38413ad9,Vicki,Stevenson,brittney88@example.net,2024-08-12
eb0c824a-b1a2-4c84-adef-37fe8ac64d64,Jeanne,Evans,richardsonemily@example.com,2024-10-24
b2e7456e-3f68-4b28-ab63-bc2cad914197,Kyle,Roach,carlsonjoseph@example.net,2025-03-28
439d415f-60cb-4a40-ba3e-d3002710ac48,Teresa,Lane,jennifersilva@example.org,2024-09-08
1b812296-27bf-4270-80b6-e3797c8cb564,Cristina,Harvey,rhernandez@example.org,2023-08-22
42c69eb8-b55d-407a-9706-3939f6684e7f,Ashley,Graves,andrewedwards@example.org,2024-06-13
31a224a9-59a0-4d10-b966-181657404a63,Hannah,Jenkins,vsalas@example.net,2023-09-15
a5cee35c-03a4-4c62-81d0-ea8550db6061,Janice,Stone,whitney78@example.com,2024-03-28
9f9bd210-0022-4963-ba05-9ccfa50850c5,Sue,Stevens,amy49@example.com,2023-12-25
fe5e7530-975d-46f4-b4b3-ea95aeeaedb3,Susan,Ramirez,jeffrey44@example.net,2024-01-05
abc3db44-79ff-41d2-bee0-126ab9afb58d,Hannah,Burns,ybailey@example.net,2024-02-26
8bf9c93c-caaf-4a6e-8837-014a058b59e8,Keith,Berry,zhuang@example.com,2025-03-20
ac63ed59-1725-48ad-a65c-06e97482f315,Linda,Roberts,stephanie15@example.com,2024-12-19
402ecde6-a863-4188-8e16-fbfed61da64b,Jonathan,Mendoza,marianelson@example.net,2025-01-19
4ff25169-cae0-4aa4-ac01-45b98a97146a,Joseph,Rodriguez,johnsantiago@example.net,2024-01-20
5a9b9d4f-f1ad-4a2d-bf31-7fe86f9fdcee,Dana,Williams,erivera@example.org,2025-01-08
24afb63b-646a-4944-95cc-4c0bbf8464c7,Kelli,Smith,richarddonovan@example.com,2024-08-02
f37321e4-11e3-4100-b557-af50b0959092,Debra,Avila,manuel01@example.net,2024-10-16
9e990334-017b-4161-8ae4-b42607d63f45,Jesse,Rodgers,gentrygregory@example.org,2025-07-23
ef250a00-0851-4f4d-8576-81399dee3543,Samantha,Osborn,lfrench@example.net,2025-06-05
b0d0bd0e-8c24-4d3b-a266-5c55594aab12,Sara,Mcdowell,evanscarrie@example.com,2024-03-06
210e4392-9cc0-4469-a264-7f2f177d7852,Shawn,Davidson,ismall@example.net,2024-07-26
e897d748-8270-4278-96c5-6ad119b58a0b,Joshua,Lamb,francisco74@example.net,2023-12-20
59651274-be17-4810-917e-a465620162b0,Alexis,Rogers,ashley32@example.net,2025-05-23
1122478a-ff9d-4a67-9340-c00a111eceaa,Danielle,Sullivan,frobertson@example.com,2024-12-29
3c8a9230-4e41-4f9c-954d-9dbb72770731,Cody,Holden,pmorris@example.org,2024-02-16
2a43a34d-c47c-4022-89c2-9568ca438d7d,Patrick,Griffin,stephanie49@example.net,2024-10-15
e66e7ba4-13d5-4a65-8f7e-44bbd9a21ead,Alexander,Valdez,bryanwilson@example.com,2023-11-30
98e630aa-c4d3-4050-ab07-4fc8bcb133e6,Richard,Shaw,hannah45@example.net,2024-01-16
38ce9134-e856-4ea0-a2b8-5107f810e06e,Jeffrey,Anderson,spencerzhang@example.com,2024-06-15
4742c23a-4c6a-43b0-a9f7-b29b990ecdba,Jacqueline,Durham,kathleenbecker@example.net,2025-06-06
8f9ec49a-1ffd-48d0-8d57-d788a13f4574,Kristin,Fox,christian91@example.org,2025-05-02
87dd6045-1ced-47eb-9764-58abdb165025,Amy,Wagner,franklinbond@example.com,2023-10-27
dece7633-54b7-4e05-95da-c9091499e397,Erin,Love,gdavis@example.com,2025-04-17
22dc999b-7f66-40b9-b553-fce4c6060555,Brian,Anderson,dbryant@example.net,2024-07-22
16779314-882d-4fa7-9f79-f682bf29d843,Emily,Parker,fosterlisa@example.net,2024-01-14
62fa73fb-01e3-4fc0-88c1-7d032f23331a,Beth,Williams,isabella80@example.org,2025-07-23
6e2486e0-c1aa-4e3a-bf52-343ab5fc35f8,Thomas,Mitchell,kaylacannon@example.net,2024-12-11
e7f4ea22-aaa2-4b6d-9854-4045e712cca2,Tamara,Brooks,ywest@example.com,2023-09-29
de65bd61-764b-4481-be28-bceed3a0225e,Felicia,Stanley,desireebailey@example.org,2024-09-18
a5c5e322-81fa-4eb8-b35e-9590b6c8698c,Phillip,Anderson,maryavila@example.com,2024-07-22
a306e6e3-0398-42c4-b1ae-3ba39ff033d2,Emily,Stephens,pmorrow@example.com,2024-04-22
4cd560b5-af99-4bb8-9142-8aa23e6d1fa5,Eric,Lopez,johnsondonna@example.net,2025-03-15
070f5f83-6a8d-4b80-9f3b-59637aa14cea,Sharon,Small,jamiegarcia@example.org,2024-07-09
7bdb9b07-b86c-4b55-abf6-e64f9d503159,Carla,Warner,sanchezbradley@example.com,2024-01-27
7a314e17-9c9f-4e7b-a72b-031755186f26,Amber,Webster,taylorvictoria@example.org,2025-04-22
96fbff15-44ea-4a67-af07-faf4ceb18691,Sabrina,Johnston,joel28@example.org,2024-06-14
0f48a87b-6974-4444-9c92-4bfe02adfd9a,Kevin,Brown,conniesimmons@example.com,2023-09-03
1893a7e3-6d0c-43f8-b861-a0e2bd29957a,Teresa,David,ufloyd@example.net,2024-06-16
ae42d80d-da4d-4cf0-befb-57ef3eddf824,Ricky,Evans,karenwells@example.org,2024-03-18
5cbc7042-fd01-4afd-99d8-b5991e710292,Meredith,Thomas,jmelendez@example.com,2024-06-16
0208ce40-39b5-489d-b08d-2eff5948cf6a,Angela,Anderson,jonathanrivera@example.org,2025-07-14
6458a9ed-7323-4acc-8b5b-a8ff6945dea2,Shannon,Watson,brettbennett@example.net,2024-11-08
e12e7fa6-5548-4025-a563-140a692933dc,Benjamin,Jones,timothybooth@example.com,2024-03-20
052ab661-1131-4570-9ead-b968d349ad53,Susan,Smith,suzannewilson@example.com,2025-07-08
da97dd98-73bc-4cd4-8f3d-1fc7f6b0b05c,John,Munoz,randyallen@example.com,2025-03-22
19db29c5-bd33-4e82-a9ce-02d9fe388b2e,Justin,Owens,kyle58@example.com,2024-07-24
aab86ccf-cf5c-493f-872c-b3e99c2b0802,Corey,Zavala,ugill@example.org,2024-05-11
1f966cc3-d58e-4403-aaf1-856d2a7ca486,Lawrence,Williams,joycesmith@example.net,2025-07-24
6c50d57b-1d59-4ace-85b7-d1d3e3990f4d,Brandy,Cortez,elijah53@example.com,2024-10-13
546d3299-8386-4308-8cd3-d95bdbad4dca,Martha,Porter,jonathan77@example.com,2023-12-06
b76a98ce-36d1-4cd7-9fce-6e364f877af7,Jessica,Bell,jenniferfreeman@example.net,2024-12-08
e8807ed9-d6cb-4feb-89f0-6da90b9aa40b,Susan,Warren,landryelizabeth@example.org,2024-06-13
9d31e21d-7bcc-4ba7-b9ef-2dfab848666d,Derrick,Mccoy,mannalbert@example.net,2024-07-17
4ca56ffe-51ea-44a9-a86e-8db7725e64e5,Nathaniel,Williamson,bhopkins@example.org,2024-09-14
c49892e1-8ac6-41d3-9c26-43903e8cc1d9,Andrea,Smith,amanda40@example.net,2025-04-20
f9aef3a9-be1e-437e-b818-b376e31c0b9f,Heidi,Jordan,danieldavis@example.org,2024-02-01
78ea6d98-64f9-4a18-be48-61b439e9e975,James,Fox,joseph61@example.com,2024-06-08
91227628-b8dc-42a4-ad04-76a03bd7f7a0,Stephen,Sanchez,kevinclayton@example.org,2024-12-17
8f94ca3b-9b88-4a2f-881d-2b05eb745bdf,Victoria,Santos,davisnicholas@example.net,2024-08-01
3177b319-af8c-4781-bc80-c032e934a551,Brian,Smith,christopherbruce@example.net,2025-03-29
8ebbec78-b1b0-44c6-84b8-3006a4ae7df9,Mark,Madden,jacobsonsamantha@example.org,2024-01-09
5504f36d-33b5-4b46-964a-4639e6d783e4,Rachel,Schwartz,enelson@example.net,2025-07-16
516d29b8-4428-484c-8e94-96ea01a25098,Juan,Daniels,whitemelissa@example.org,2024-01-05
bb25c4f3-03af-4ec4-86b2-1b2f644a17d6,Brenda,Goodwin,thickman@example.org,2024-10-09
a3f06e4e-f233-4ff6-82d7-231639b1351e,John,Davenport,irhodes@example.com,2024-05-22
57d9f8ea-0315-4338-b3ee-c14132be34de,Karla,Taylor,masonterri@example.org,2023-10-12
79270247-1256-4cb6-8f94-20ed5738264a,Samuel,Roberson,cassie99@example.com,2025-03-20
bea394c3-035e-4c63-951d-c8cd2181d851,Mark,Walters,whenry@example.net,2024-05-15
49f4c75b-f8e9-4393-930a-114b32880537,Ryan,Frazier,nmiller@example.com,2025-04-08
1309424e-91aa-47c4-865d-62925b769ca1,John,Jones,eric26@example.com,2024-05-04
8d974c0a-acce-409b-9ad3-3fbb1495be75,Daniel,Smith,sean41@example.org,2023-10-04
70310b46-39e6-41bb-b1f8-b3d38f5cd365,Jacob,Cole,fgarcia@example.com,2024-10-01
5e507c66-05a1-457f-80bc-fbb7588f5200,Christopher,George,michelle04@example.com,2024-05-25
2c385e37-cb60-423f-a0fb-30ff08c8e38c,Kimberly,Hardy,ashleyjackson@example.com,2023-12-07
fecb849e-8837-4ea5-a00c-14d7d59e200f,Dominic,Turner,kthomas@example.com,2024-02-28
168e2dec-71dd-402b-86fb-3ec8deefa3f7,Robert,Washington,wardsheryl@example.net,2024-11-25
f243e815-dbb5-4d87-8829-f2f344b6c43a,Tyler,Jensen,trodriguez@example.org,2024-05-31
d16f236f-8d6c-4c82-87d5-51909465e5b5,Martin,Oliver,scott69@example.org,2024-03-18
6c731881-dfa3-419f-a516-c72cc4d2aa28,Malik,Valentine,timothythompson@example.com,2024-04-01
be73c9d1-43f5-497e-99cb-f80ad9365fdf,Kelly,Neal,yfaulkner@example.org,2024-04-07
6b7b3928-e4a0-451a-8638-e1b637163c5b,Nicholas,Velasquez,kdiaz@example.org,2024-10-30
4a35d74f-4994-4574-8fc7-5f0947a6fad9,Wendy,White,bentonsteven@example.net,2024-01-07
f36bcace-dc32-4165-8184-14186bd06e62,Samuel,Carter,fuenteslaura@example.com,2025-01-01
ffdec6be-1682-4996-b308-5154ccfc6aac,Victor,Schultz,johnnymoore@example.com,2025-04-01
14465d1a-0791-4cab-8212-b4d639a09876,Nicholas,Cole,iaguilar@example.net,2025-07-15
3ffb803c-9c22-4e5a-b9b1-8301dae741d8,Samantha,Holt,gibbsmichael@example.net,2024-11-01
6df41575-79ca-49a7-8bf7-0725681bb41c,Danielle,Miller,dianekelly@example.net,2024-11-15
3008042a-0103-4282-89bd-0bbf4cc263f0,Bradley,Terrell,vrasmussen@example.com,2023-10-19
9e06e913-56ee-4f7e-8976-c064365c55b9,Alex,Green,seanmyers@example.net,2024-10-28
b90d520c-eb9f-420f-a3b3-374e1ee8f5af,Hannah,Hernandez,webbkenneth@example.org,2023-10-27
4fd61079-5e2b-420a-9553-880de7ce949f,Marie,Cross,larry73@example.net,2024-08-07
9c3b2dc2-9813-4318-9140-42568bface29,Michael,Davis,tflores@example.org,2025-04-18
0e2afefc-07b8-424b-a971-7b9102f458cf,Jennifer,Johnson,deborah23@example.net,2023-12-11
8042bb3c-ed5b-4727-9790-a2e4724f867c,Andrea,Rivera,omullen@example.com,2024-11-29
98cf0081-ec9f-4370-8e92-f31e28443ab0,Jack,Davidson,vfoster@example.net,2025-06-13
f9c7603d-a1b5-4489-9c37-370fb600450f,James,Vargas,nsmith@example.org,2024-03-01
08680988-c3ec-4421-a080-061b247f1cb0,Karen,Stokes,raylauren@example.net,2023-12-21
c4e4f226-2b45-4a01-bf46-a40dd7c98b90,Michael,Gonzalez,bakermichelle@example.net,2024-12-06
597c5b22-f1fc-4493-bd7d-99da3faf61b3,Lawrence,Price,wmatthews@example.com,2025-05-15
8a7c0f24-3ec5-4238-9fe1-7823f018ecea,Stephen,Thompson,samantha91@example.net,2023-11-10
ba0f9003-e03e-4989-ab96-542f99279068,Lawrence,Allen,whiteheather@example.net,2024-05-25
bcf213c6-0837-4adc-8013-d0f7d8a6c6b8,Robert,Taylor,fhenderson@example.net,2024-09-18
12dd5711-d696-42aa-ba9d-61b41ee6bd19,Heather,Brewer,angelaburns@example.org,2023-12-21
f6e8dda1-8e94-412a-9455-b013bfd762e2,Leonard,Hayes,glennstephanie@example.com,2023-11-12
929e6f04-2055-4ea8-b286-7e0cb7cdb3c8,James,Cruz,fortiz@example.com,2025-01-30
138c14bc-1236-41f8-9688-91f0a5f1d726,Mary,Burns,cunninghamlaura@example.org,2024-03-11
86187946-10e8-44a7-a96c-6bc18e656789,Antonio,Walker,gary79@example.net,2025-03-20
b71e5695-6602-4152-816b-b997bf221eed,Katie,Dunn,armstrongjoseph@example.net,2025-04-28
7434253b-8fec-49fc-8d16-08c2eec1b47d,Vicki,Weaver,wolfscott@example.org,2024-06-23
1071094d-600e-47b4-a409-68b990dc763e,Curtis,Greer,kennethkidd@example.com,2024-02-18
b3209e23-fcdc-4af0-9a12-ebfe383b5dbe,Michael,Montoya,hgrimes@example.org,2024-01-08
856ef1b5-ccf5-40c8-8501-4582d5577b7d,Lisa,Matthews,michelle96@example.org,2024-11-18
64402f9c-679b-464c-93ac-ab5913fb60a7,Donald,Clark,lindahudson@example.net,2024-03-03
e4d333da-71a1-4cd9-82e7-4ce91d8ddc5a,Candice,Jackson,keith48@example.net,2025-04-22
5d0d94ef-88ff-452b-97a3-3b0cf6929d53,Cody,Estes,rsellers@example.net,2023-11-04
a10fa2f0-fdf2-4824-b077-d89dd6afee48,Jacqueline,Anderson,jenniferpoole@example.net,2024-05-29
d4b619d8-2b73-4029-bf17-c9bd12193c0a,Tracy,Ray,courtney67@example.org,2024-12-02
d54e976e-6f94-4ef2-aba2-8bb2427d6e02,Laura,Mack,rrobertson@example.net,2025-07-25
09ad6290-f310-48be-ab43-024f20e27065,Natalie,Gibson,amurphy@example.net,2023-10-09
0a23a518-1d9b-4e31-888c-b2bb71b29ec9,Jessica,Ellis,melissa86@example.org,2024-06-26
c7f32add-3339-489d-a2b9-fc58d4bb295f,Mallory,Simpson,maria58@example.net,2023-11-07
a774ea4f-afd2-4317-bf08-b3b270d8f31e,Ashlee,Washington,patricia00@example.org,2024-11-26
d4daabe5-0e6e-454c-bc63-2aa8fcfccd00,Kristen,Stevens,nobleeric@example.com,2023-07-29
b4334999-991b-4608-85d1-7aa237bf56a0,Victoria,Patterson,nicoleturner@example.com,2023-10-09
fea33da7-efef-4947-bd0c-c95045ea1a69,Diamond,Wright,elizabeth20@example.com,2024-11-25
346a1b9d-fca5-48c9-a3ab-543eb67afbe3,Kevin,Lyons,rubendavis@example.org,2023-07-29
b9b403fc-28bc-4701-8156-22048cb03322,Jason,Miller,aprilwallace@example.org,2025-01-19
0cb43093-9fcf-451d-ba4b-4e3e1eca64b5,Matthew,Martinez,ebenson@example.org,2024-01-22
b081697b-9eeb-41f1-86cc-c8ee36418db1,Patrick,Cross,garciamichael@example.com,2023-11-12
616a2e83-8547-4955-aac6-fdf078fbbc5c,Patrick,Li,darlenebyrd@example.org,2024-09-13
0fd8bfa3-d2eb-4618-816e-6aac1ff139da,Anna,Bishop,scottbowen@example.net,2025-03-01
ab5d643c-fd73-4323-bdd0-5fa6163412ad,Edward,Jenkins,fheath@example.org,2023-11-14
8617566f-0bf7-4327-ab76-14128a84d140,Karen,Lawrence,bbell@example.com,2025-04-03
c5b6130a-5d98-4f79-a4b7-fc0a101f812c,Donald,Hill,wrightcarolyn@example.net,2024-11-11
d5b0fa2a-fbd5-412a-a73f-83e5aebf3c66,Justin,Pugh,abbottdominique@example.com,2024-01-04
ff75511a-2e8e-4a58-81a0-ced784a267c7,April,Hicks,dphillips@example.org,2024-08-16
0a16f24f-cf52-4eed-9c61-7388eec769f6,Paul,Allen,ricetiffany@example.com,2025-07-23
3c0683e1-e470-459d-a3fe-42a577849a07,Leslie,Hughes,rdiaz@example.org,2025-03-12
3472629f-5a1d-4fc8-9076-f902b9214f10,Thomas,Archer,smithcarlos@example.com,2024-01-12
d3b461b6-0312-41d4-a0bf-c75eb2bbfb85,Bill,Brown,ohunter@example.net,2024-08-21
f57187ed-205e-4a44-8d08-a70e6202e1ed,Katie,Henderson,imiller@example.net,2024-11-18
349aa7f3-805b-42e2-bac4-8700aa52fa3f,Eric,Miller,dixonjames@example.org,2024-09-17
9e98d2d3-1190-48a3-8bfe-6e56e4659b9f,Mark,Willis,collinssamuel@example.org,2023-09-11
23580fb5-6025-48d7-9b18-426980dfd154,John,Middleton,chavezchelsea@example.com,2024-12-27
d1748fa1-4967-426a-9b04-79ebfeed8138,Judith,Yang,smithderrick@example.org,2023-12-03
0d4028ad-f12e-4adc-8ed7-be6262243c7c,Tyler,Reed,gary24@example.net,2025-06-16
678f663f-75ad-47f5-8323-a6fb3a3aeb7a,David,Yoder,lindsay48@example.org,2024-02-18
2d4933a3-c0eb-464a-8113-ca51aa2c9da6,Jennifer,Ray,crawfordwilliam@example.org,2024-08-20
e6496717-6881-4edc-8335-c6214400fd64,Michele,Jackson,jonathangarcia@example.net,2025-01-02
aa81dd7c-903e-466a-a833-9e0db3658e5a,Jennifer,Perez,williamsmichelle@example.org,2023-09-02
6f98dd3b-6a8f-42a7-9bc5-54f9a960d0aa,Thomas,Reyes,haroldhorne@example.org,2024-09-30
14c6a02c-8af6-412b-accb-1a6b79822365,Linda,Klein,pwalker@example.com,2025-07-09
c96fae6c-4f31-481a-a3ab-c4f440a1b99d,Jennifer,Nelson,duncandavid@example.net,2025-06-28
ab414b5c-cd20-4672-beae-f910e3694df7,Brian,Walker,finleycasey@example.com,2025-05-31
8ca63e80-c3ed-4554-805b-675162d9f8d6,Justin,Kirk,christopher70@example.com,2023-12-31
8fa7192a-42ac-4b03-b1a8-383f345422d6,Kelly,Mueller,stevenvargas@example.com,2025-03-20
f10c86d7-867b-44aa-9c36-f6587db5877a,Kimberly,Oconnor,edwardrandolph@example.org,2024-01-25
dff70cdc-0206-4e92-9573-50a3d4744ad8,Amber,Fields,tapiaaaron@example.net,2024-05-16
4e0999c9-31aa-45ab-ac1c-1e3b1ee43eaf,Melinda,Acosta,harristonya@example.com,2024-08-14
963f030d-694c-4677-903c-18779c2a7edd,Susan,Kaufman,jenniferdavis@example.org,2025-06-24
99678005-8ac5-4c70-998a-6f3c4cad527c,Megan,Gutierrez,stephen19@example.org,2024-08-24
7603f837-8599-400e-a5e9-324d564f6f12,Dennis,Wilkins,vargasbryan@example.net,2023-11-07
40db16e4-56bc-416f-8787-09eca4af53bc,Joel,Green,sara65@example.com,2024-07-14
fe995253-3bee-4f41-bd42-58d7cc0cc229,Joseph,Jones,derekcarrillo@example.org,2023-11-26
3c832c7c-cd65-44c7-a19e-e16978802d49,Daniel,Cole,richard85@example.org,2024-07-14
92fff4eb-8928-4c43-8f50-31ef5bc0c92e,Kyle,Baker,davislindsey@example.com,2025-04-30
3ab296bd-68cd-4625-b8cf-f9aebfd47451,Janet,Morrison,marymurphy@example.org,2025-01-31
ede3e9ea-963d-4adc-82ba-c178e2648005,John,Kelly,byrdjorge@example.org,2023-08-22
8f7d5885-0f65-42fc-9c25-a9c9a98a3c6f,Stephanie,Bond,codygarcia@example.org,2023-10-31
f501969f-656b-4f7b-a3f8-1e5a302ba1ca,Alexander,Greer,davidcolon@example.com,2025-01-12
3c8e3544-0e39-4f55-9e5d-6790f69ddce7,Crystal,Newman,samantha10@example.org,2023-12-29
f9b1e146-fddd-4cc8-9c0c-1cf636e44a83,Rachel,Ramos,christopherboone@example.com,2023-11-01
7e4312aa-45c3-4b0c-b063-2c830e1ea7c8,Brad,Murray,sandrahamilton@example.net,2024-05-30
58c075f6-ebb4-4f65-8fbe-17a8cafc6d83,Tyler,Reyes,nthompson@example.org,2024-02-27
19b74d9a-8464-4bd7-8075-5de129d5176f,Joshua,Stephenson,mendezchristina@example.net,2024-03-14
1a47f02d-8a5d-49dd-8292-10f2cd373b86,Victor,Andrade,rbrown@example.com,2023-11-12
580c883a-1b4f-4ba8-b559-84e2b2f937e7,Robert,Day,crystalpham@example.org,2024-05-21
0c90001a-9b48-4fbf-9108-6b45e4986d87,Kimberly,Howard,kcooper@example.net,2024-04-03
3cb42d99-f363-42dd-a4f0-91c6f00a1781,Paul,White,carla04@example.org,2025-04-17
5422a7b6-c2fa-4e3f-a907-25d2b18f3c73,Victoria,Moreno,terrigarcia@example.net,2024-02-01
33a3e01e-0793-48c0-8ec5-f088fb9e8cd0,Joseph,Velasquez,gallagherstacie@example.net,2025-05-16
45049f41-4039-41f1-9089-c02958e38c4c,Toni,Price,gregorywatkins@example.net,2025-01-20
01ac57fc-6ae7-44da-a68d-2a6afd59bf4e,Michael,Vargas,stacey92@example.net,2023-12-22
a3813b68-ec11-4406-9b9a-d6b94ed33267,Mary,Cochran,lweaver@example.com,2023-08-27
9e5f18a3-0c94-40fd-9644-6762eac0ab8a,Christopher,Hall,andrewwoods@example.com,2025-07-10
5e1f896c-c4ea-4b3a-ab74-4dcd427408af,Christina,Drake,jennifer50@example.org,2023-11-20
cd7400d0-825e-448d-a789-08f1ecf5e55a,Brenda,Stark,mathismichelle@example.org,2024-05-14
c54012c8-3cb8-4f13-a267-3ccedb9bcab1,Janet,Bates,rogersmarcus@example.org,2025-02-16
ca6b0c64-6160-4b01-8b86-03afe46ce88e,Stacy,Conner,lbanks@example.net,2024-10-07
bda2d011-93a6-4ba4-8b19-60e73b43c555,Heather,Mcfarland,jeffrey92@example.com,2024-03-23
c59e585f-8879-44a3-be13-d3a43ae378b8,Jessica,Phillips,jessicarush@example.net,2024-05-28
deab6f53-3557-44a3-bcc0-620f6c777b58,Melissa,Townsend,whitelucas@example.net,2024-01-16
292ca922-a038-4d70-9760-14713b7ddd0c,Danielle,Garcia,vtaylor@example.org,2024-01-29
b1014214-c971-4f2a-b897-061fb4f407fc,Michael,Flores,underwoodelizabeth@example.net,2025-06-16
c76dfb93-9daa-4244-b49a-07ab576bd5d5,Matthew,Smith,johnjones@example.com,2025-03-31
52cb0b11-af7e-4de7-9c0f-7dab7747b2bf,Daniel,Smith,akim@example.org,2025-06-15
f1185325-cdc8-4a9b-841c-ba1334f7a333,Robert,Macias,amy17@example.net,2024-12-15
e6eb99ce-e03c-4bc3-9625-cbe725127268,Katherine,Perez,cjones@example.com,2023-08-13
6277639f-0a26-46a8-a772-0f09fd436fa4,Lucas,Lynn,petersonpamela@example.org,2025-02-16
2c0edcc6-6d83-4b62-8853-0a652c19524f,Charles,Mcmahon,morgantricia@example.com,2025-01-26
3739c7a3-a36f-4de8-91ad-dc73b05368df,Anthony,Dunlap,catherinehamilton@example.org,2023-10-15
07b24b7d-cef9-4dd2-9466-d4a1d31310e3,Mark,Mccann,uterry@example.net,2024-09-20
30d72361-da54-4850-88e0-58c08e1dd436,Joseph,Campbell,codylong@example.net,2025-05-11
0364762c-8ab7-4fb2-a2b3-edd59cb27b27,Travis,Brown,pattersonkelly@example.net,2024-11-25
61670abc-6a87-487e-81e1-cd621a2fff5b,Caroline,Gonzalez,clarkdanielle@example.org,2024-07-30
0709f39c-f96c-4a01-848a-09639613f881,Megan,Parker,qruiz@example.com,2023-10-07
1aa4ca19-cf04-4f87-9a89-c8d992c19b53,Darlene,Hughes,nicole52@example.com,2023-09-01
106f3433-4499-405e-8b06-debd7cb87c00,Jose,Marshall,maryelliott@example.org,2025-03-04
7eaba009-ee23-438c-89db-023d4ba33f0c,Heather,Davis,lindsey69@example.org,2024-09-30
47e44738-21e2-496c-a649-245812217376,Bruce,Hughes,rsheppard@example.com,2024-10-15
2ad141ba-4492-432b-bbef-a5ce88746da2,Nicole,Alvarez,fostermelissa@example.org,2024-08-21
94eff949-43fc-4feb-b370-527baa569dd6,Ashley,Black,davidtodd@example.org,2023-12-05
04c7eb59-c939-4eed-8859-0c535d840d4a,Teresa,Stokes,bradmiller@example.net,2024-07-01
09ffe89c-637b-403e-b932-299f4a3a91cf,James,Carson,maryscott@example.net,2025-07-08
e9f46774-cadc-4124-9abf-482fad7eced3,Lindsay,Miller,rarnold@example.net,2024-07-18
aed7076a-8d16-4e3c-8dc9-099ec156571b,Sally,Smith,jrodriguez@example.org,2024-10-11
4fceaf9f-6ebd-43ff-9f2d-aad326ceeca3,Brianna,Chang,buckleyanna@example.org,2025-03-30
eedaeed8-6f40-4f29-8afa-e656761db213,Justin,Nichols,natalie46@example.net,2024-08-09
